question_id,pmid,year,question,context,long_answer,correct_answer
pilot_01,11799314,2001,Is external palliative radiotherapy for gallbladder carcinoma effective?,"Gallbladder carcinoma is characterized by delayed diagnosis, ineffective treatment and poor prognosis. Surgical resection has been thought to be the treatment of choice, while the role of radiotherapy as adjuvant or palliative treatment has not been fully clarified in the literature. We present the case of a 45-year-old female, with unresectable gallbladder carcinoma, grade IV, histologically diagnosed during laparotomy. The patient was treated with palliative intent with percutaneous transhepatic biliary drainage. Furthermore, she received external radiotherapy by (60)Co, using a three-field technique (anterior-posterior and right lateral). The total dose was 3,000 cGy in 10 fractions, with 300 cGy per fraction, 5 days weekly. The patient showed clinico-laboratory improvement and was discharged with a permanent percutaneous transhepatic endoprosthesis. During follow-up (10 and 12 months postirradiation), abdominal CTs showed no local extension of the tumor, while the patient had a good performance status. So far, 1 year after the diagnosis of gallbladder cancer she is still alive.","External radiotherapy seems to be a safe and effective method of palliative management of gallbladder carcinoma. However, further studies are necessary to determine the role of radiotherapy in palliative or adjuvant treatment of gallbladder carcinoma.",yes
pilot_02,20828836,2010,Is discordance in TEOAE and AABR outcomes predictable in newborns?,"To determine the perinatal predictors of discordant screening outcomes based on a two-stage screening protocol with transient-evoked otoacoustic emissions (TEOAE) and automated auditory brainstem response (AABR). A cross-sectional study of infants tested with TEOAE and AABR under a hospital-based universal newborn hearing screening program in Lagos, Nigeria. Maternal and infant factors associated with discordant TEOAE and AABR outcomes were determined with multivariable logistic regression analyses adjusting for potential confounding factors. Of the 4718 infants enrolled under the program 1745 (36.9%) completed both TEOAE and AABR. Of this group, 1060 (60.7%) passed both TEOAE and AABR (""true-negatives""); 92 (5.3%) failed both TEOAE and AABR (""true-positive""); 571 (32.7%) failed TEOAE but passed AABR (""false-positives"") while 22 (1.3%) passed TEOAE but failed AABR (""false-negatives""). Infants with false-positives were likely to be admitted into well-baby nursery (p=0.001), belong to mothers who attended antenatal care (p=0.010) or who delivered vaginally (p<0.001) compared to infants with true-negatives while infants with true-positives were also more likely to be delivered vaginally (p=0.002) or admitted into well-baby nursery (p=0.035) compared to infants with false-negatives. Infants with true-positives were significantly more likely to be delivered vaginally (p<0.001) and have severe hyperbilirubinemia (p=0.045) compared with infants with true-negatives. No association was observed between false-negatives and true-negatives. Antenatal care status, mode of delivery and nursery type were useful predictors of discordant outcomes among all infants undergoing screening (c-statistic=0.73).","Given the available screening technologies, discordant TEOAE and AABR may be inevitable for some categories of hearing loss among apparently healthy newborns whose mothers received prenatal care. The potential limitations of perinatal morbidities as basis of targeted screening for such cases therefore merit further consideration.",yes
pilot_03,11138995,,Is alexithymia a risk factor for unexplained physical symptoms in general medical outpatients?,"Alexithymia is presumed to play an important predisposing role in the pathogenesis of medically unexplained physical symptoms. However, no research on alexithymia has been done among general medical outpatients who present with medically unexplained physical symptoms as their main problem and in which anxiety and depression have been considered as possible confounding factors. This study investigated whether patients with medically unexplained physical symptoms are more alexithymic than those with explained symptoms and whether, in patients with unexplained symptoms, alexithymia is associated with subjective health experience and use of medical services. We conducted a cross-sectional study among patients attending an internal medicine outpatient clinic. All patients were given a standardized interview and completed a number of questionnaires. After complete physical examinations, 169 of 321 patients had unexplained physical symptoms according to two independent raters. Patients with medically unexplained symptoms more often had a mental disorder, but overall they were not more alexithymic. In patients with unexplained physical symptoms, alexithymia was not associated with subjective health experience or use of medical services. However, patients with both unexplained symptoms and a mental disorder who also denied any possible connection between emotional problems and their physical symptoms did have more alexithymic traits.","In the majority of patients with medically unexplained physical symptoms, alexithymia does not play a role of clinical significance. Patients with unexplained physical symptoms are heterogeneous with respect to psychiatric syndrome pathology and probably also with respect to personality pathology.",no
pilot_04,27832831,2016,Does an additional antirotation U-Blade (RC) lag screw improve treatment of AO/OTA 31 A1-3 fractures with gamma 3 nail?,"Poor bone quality and unstable fractures increase the cut-out rate in implants with gliding lag screws. The U-Blade (RC) lag screw for the Gamma3®nail was introduced to provide monoaxial rotational stability of the femoral head and neck fragment. The purpose of this study was to evaluate whether the use of the U-Blade (RC) lag screw is associated with reduced cut-out in patients with OTA/AO 31A1-3 fractures.MATERIAL & Between 2009 and 2014, 751 patients with OTA/AO 31A1-3 fractures were treated with a Gamma3®nail at our institution. Out of this sample 199 patients were treated with U-blade (RC) lag screws. A total of 135 patients (117 female, 18 male) with standard lag screw (treatment group A) were matched equally regarding age (±4 years) sex, fracture type and location to 135 patients with U-blade (RC) lag screw (treatment group B). Within a mean follow up of 9.2 months (range 6-18 months) we assessed the cut-out rate, the calTAD, lag screw migration, the Parker's mobility score and the Parker's ratio at postoperatively, six and 12 months following surgery. Furthermore we recorded all complications, ASA-Score, hospital stay and duration of surgery retrospectively. The most common fracture among group B with a cut-out of the lag screw were AO/OTA 2.3 and 3.2 fractures whereas in group A cut-out was most commonly seen in AO/OTA 2.1, 2.2 and 2.3 fractures, there was no significant reduction of the cut-out rate in group B 2.2% (n=3) compared to group A 3.7% (n=5). The duration of surgery was significantly shorter in group A (p<0.05). There was no significant difference in lag screw placement, the Parker's ratio and mobilization.","In our study the U-Blade (RC) lag screw did not reduce the cut-out in treatment of OTA/AO 31A1-3 fractures at all. Considering the longer duration of surgery and the higher costs of the U-Blade (RC) lag screw, our results do not justify its use. However, further prospective randomized studies will be necessary.",no
pilot_05,10973547,2000,Are patients with Werlhof's disease at increased risk for bleeding complications when undergoing cardiac surgery?,"It is generally assumed, that patients with Werlhof's disease (WD) are at increased risk for bleeding complications when undergoing cardiac surgery with extracorporeal circulation. Therefore we performed this case control study to estimate the real risk for bleeding complications of these patients. Between 05/95 and 07/98, ten patients with WD (eight males, two females) underwent cardiac surgery employing extracorporeal circulation (WD-group). Five of these patients with platelet counts below 80/nl were treated by immunoglobulins preoperatively. Each patient with WD was matched to five patients without WD (no-WD-group) using diagnosis, age, gender, ejection fraction, number of distal anastomosis and body-mass-index as matching criteria. Mean number of platelet counts were significant lower in the WD-group than in the no-WD-group despite a significant increase of platelet counts after immunoglobulin treatment (54/nl-->112/nl, P=0.018). On the day before, directly after and on the first day after surgery they were 141/nl vs. 215/nl (P=0.012), 75/nl vs. 147/nl (P=0.001) and 93/nl vs. 136/nl (P=0.009). Accordingly, patients of the WD-group received significantly more platelet concentrates than patients of the no-WD-group (mean number of platelet concentrates: 2.3 versus 0.7, P=0.007). Total drainage loss via the mediastinal chest tubes was almost identical (1197 ml in the no-WD-group and 1140 ml in the WD-group). One patient of each group suffered from a bleeding complication requiring reexploration. Three patients of the no-WD-group (6%) and one patient of the WD-group (10%) expired postoperatively unrelated to WD.",Patients with WD may possibly undergo cardiac surgery without a markedly enhanced risk for bleeding complications despite a more than usual transfusion requirement and significantly lower platelet counts perioperatively.,no
pilot_06,9444542,1997,Does hippocampal atrophy on MRI predict cognitive decline?,"To investigate whether the presence of hippocampal atrophy (HCA) on MRI in Alzheimer's disease (AD) leads to a more rapid decline in cognitive function. To investigate whether cognitively unimpaired controls and depressed subjects with HCA are at higher risk than those without HCA of developing dementia. A prospective follow-up of subjects from a previously reported MRI study. Melbourne, Australia. Five controls with HCA and five age-matched controls without HCA, seven depressed subjects with HCA and seven without HCA, and 12 subjects with clinically diagnosed probable AD with HCA and 12 without HCA were studied. They were followed up at approximately 2 years with repeat cognitive testing, blind to initial diagnosis and MRI result. HCA was rated by two radiologists blind to cognitive test score results. Cognitive assessment was by the Cambridge Cognitive Examination (CAMCOG). No significant differences in rate of cognitive decline, mortality or progression to dementia were found between subjects with or without HCA.",HCA was not found to be a predictor of subsequent cognitive decline in this series.,no
pilot_07,11481172,2001,Does the manic/mixed episode distinction in bipolar disorder patients run true over time?,"The authors sought to determine whether the manic/mixed episode distinction in patients with bipolar disorder runs true over time. Over an 11-year period, the observed distribution of manic and mixed episodes (N=1,224) for patients with three or more entries in the management information system of a community mental health center (N=241) was compared to the expected distribution determined by averaging 1,000 randomly generated simulations. Episodes were consistent (all manic or all mixed) in significantly more patients than would be expected by chance.",These data suggest a pattern of diagnostic stability over time for manic and mixed episodes in patients with bipolar disorder. Careful prospective studies of this issue are needed.,yes
pilot_08,14652839,2004,Does the sequence of clamp application during open abdominal aortic aneurysm surgery influence distal embolisation?,"Embolisation of atherosclerotic debris during abdominal aortic aneurysm (AAA) repair is responsible for significant peri-operative morbidity. Reports have suggested that preferential clamping of the distal vessel(s) before the proximal aorta may decrease the number of emboli passing distally and hence reduce complications. Forty patients undergoing AAA repair were randomised to have either first clamping of the proximal aorta or the iliac vessels. Emboli passing through the Superficial Femoral Arteries were detected with a Transcranial Doppler ultrasound system. There was no difference between the two groups in the number of emboli detected (p=0.49) and no significant correlation between number of emboli and dissection time (r=0.0008). However, there was a significantly higher number of emboli in the patient sub-group that were current smokers (p=0.034).",There appears to be no difference in the numbers of emboli detected when the first vascular clamp is applied to the proximal aorta or iliacs.,no
pilot_09,20011163,2009,Can Roux-en-Y gastric bypass provide a lifelong solution for diabetes mellitus?,"The surgical treatment of diabetes had witnessed progressive development and success since the first case of pancreatic transplantation. Although this was a great step, wide clinical application was limited by several factors. Bariatric surgery such as gastric bypass is emerging as a promising option in obese patients with type 2 diabetes. The aim of this article is to explore the current application of gastric bypass in patients with type 2 diabetes and the theoretical bases of gastric bypass as a treatment option for type 1 diabetes. We performed a MEDLINE search for articles published from August 1955 to December 2008 using the words ""surgical treatment of diabetes,"" ""etiology of diabetes"" and ""gastric bypass."" We identified 3215 studies and selected 72 relevant papers for review. Surgical treatment of diabetes is evolving from complex pancreatic and islets transplantation surgery for type 1 diabetes with critical postoperative outcome and follow-up to a metabolic surgery, including gastric bypass. Gastric bypass (no immune suppression or graft rejection) has proven to be highly effective treatment for obese patients and nonobese animals with type 2 diabetes. There are certain shared criteria between types 1 and 2 diabetes, making a selected spectrum of the disease a potential target for metabolic surgery to improve or cure diabetes.",Roux-en-Y gastric bypass is a promising option for lifelong treatment of type 2 diabetes. It has the potential to improve or cure a selected spectrum of type 1 diabetes when performed early in the disease. Further animal model studies or randomized controlled trials are needed to support our conclusion.,yes
pilot_10,17551944,2007,Doppler examination of uteroplacental circulation in early pregnancy: can it predict adverse outcome?,"To determine whether spectral Doppler measurements obtained from bilateral uterine, arcuate, radial, and spiral arteries in early gestation correlate with adverse pregnancy outcome. One hundred five pregnant women underwent transvaginal Doppler sonographic examination of uteroplacental circulation at 6-12 weeks' gestation. Resistance index (RI) and pulsatility index (PI) of bilateral uterine, arcuate, radial, and spiral arteries were measured. Diameters of gestational sac (GS) and yolk sac, crown-rump length (CRL), GS-CRL difference, and GS/CRL ratio were also recorded. Correlation was made with pregnancy outcome. Sixteen women developed adverse pregnancy outcome. In these women, right uterine artery PI and RI were significantly higher than in women with normal obstetrical outcome. Spiral artery PI and RI values were also higher, but the difference was not statistically significant. GS-CRL difference, GS/CRL ratio, and yolk sac diameters were significantly lower in this group.",Transvaginal Doppler examination can detect hemodynamic changes in uteroplacental circulation associated with subsequent adverse pregnancy outcome.,yes
pilot_11,15995461,2005,Do some U.S. states have higher/lower injury mortality rates than others?,"This article examines the hypothesis that the six U.S. states with the highest rates of road traffic deaths (group 1 states) also had above-average rates of other forms of injury such as falling, poisoning, drowning, fire, suffocation, homicide, and suicide, and also for the retail trade and construction industries. The converse, second hypothesis, for the six states with the lowest rates of road traffic deaths (group 2 states) is also examined. Data for these 12 states for the period 1983 to 1995 included nine categories of unintentional and four categories of intentional injury. Seventy-four percent of the group 1 states conformed to the first hypothesis, and 85% of the group 2 states conformed to the second hypothesis.","Group 1 states are likely to exhibit above-average rates for most other categories of injury death, whereas group 2 states are even more likely to exhibit below-average rates for most other categories of injury death.",yes
pilot_12,21873082,2011,Is the h-index predictive of greater NIH funding success among academic radiologists?,"Despite rapid adoption of the Hirsch index (h-index) as a measure of academic success, the correlations between the h-index and other metrics of productivity remain poorly understood. The aims of this study were to determine whether h-indices were associated with greater National Institutes of Health (NIH) funding success among academic radiologists. Using the Scopus database, h-indices were calculated for a random sample of academic radiologists with the rank of professor. Using the NIH tool Research Portfolio Online Reporting Tools Expenditures and Reports, we determined the number, classification, and total years of NIH grant funding as principal investigator for each radiologist. Differences in h-index, sorted by funding status, were determined using Wilcoxon's tests. Associations between h-index and funding status were determined using logistic regression. Significant correlations between h-index and grant metrics were determined using Spearman's ρ. Among 210 professors of radiology, 48 (23%) secured at least one NIH grant. The mean h-index was significantly higher among individuals who secured at least one NIH grant (19.1) compared to those who did not (10.4) (P<.0001). Professors with h-indices<10 compared to those with h-indices>10 were significantly less likely to receive NIH funding (odds ratio, 0.07; P = .0321). However, h-indices>10 were not significantly predictive of greater funding. No significant relationships were observed between h-index and the number of grant awards, years of prior funding, the amounts of grant awards, or grant classification.","Having obtained at least one NIH grant was associated with a higher h-index, yet multiple or large grants, such as those for program projects, were not predictive of higher h-indices.",yes
pilot_13,16498158,2006,Is atropine needed with ketamine sedation?,"To compare atropine with placebo as an adjunct to ketamine sedation in children undergoing minor painful procedures. Outcome measures included hypersalivation, side effect profile, parental/patient satisfaction, and procedural success rate. Children aged between 1 and 16 years of age requiring ketamine procedural sedation in a tertiary emergency department were randomised to receive 0.01 mg/kg of atropine or placebo. All received 4 mg/kg of intramuscular ketamine. Tolerance and sedation scores were recorded throughout the procedure. Side effects were recorded from the start of sedation until discharge. Parental and patient satisfaction scores were obtained at discharge and three to five days after the procedure, with the opportunity to report side effects encountered at home. A total of 83 patients aged 13 months to 14.5 years (median age 3.4 years) were enrolled over a 16 month period. Hypersalivation occurred in 11.4% of patients given atropine compared with 30.8% given placebo (odds ratio (OR) 0.29, 95% confidence interval (CI) 0.09 to 0.91). A transient rash was observed in 22.7% of the atropine group compared with 5.1% of the placebo group (OR 5.44, 95% CI 1.11 to 26.6). Vomiting during recovery occurred in 9.1% of atropine patients compared with 25.6% of placebo patients (OR 0.29, 95% CI 0.09 to 1.02). There was a trend towards better tolerance in the placebo group. No patient experienced serious side effects.",Ketamine sedation was successful and well tolerated in all cases. The use of atropine as an adjunct for intramuscular ketamine sedation in children significantly reduces hypersalivation and may lower the incidence of post-procedural vomiting. Atropine is associated with a higher incidence of a transient rash. No serious adverse events were noted.,yes
pilot_14,17559449,2007,Are sugars-free medicines more erosive than sugars-containing medicines?,"The reduced use of sugars-containing (SC) liquid medicines has increased the use of other dose forms, potentially resulting in more widespread dental effects, including tooth wear. The aim of this study was to assess the erosive potential of 97 paediatric medicines in vitro. The study took the form of in vitro measurement of endogenous pH and titratable acidity (mmol). Endogenous pH was measured using a pH meter, followed by titration to pH 7.0 with 0.1-M NaOH. Overall, 55 (57%) formulations had an endogenous pH of<5.5. The mean (+/- SD) endogenous pH and titratable acidity for 41 SC formulations were 5.26 +/- 1.30 and 0.139 +/- 0.133 mmol, respectively; for 56 sugars-free (SF) formulations, these figures were 5.73 +/- 1.53 and 0.413 +/- 1.50 mmol (P>0.05). Compared with their SC bioequivalents, eight SF medicines showed no significant differences for pH or titratable acidity, while 15 higher-strength medicines showed lower pH (P = 0.035) and greater titratable acidity (P = 0.016) than their lower-strength equivalents. Chewable and dispersible tablets (P<0.001), gastrointestinal medicines (P = 0.002) and antibiotics (P = 0.007) were significant predictors of higher pH. In contrast, effervescent tablets (P<0.001), and nutrition and blood preparations (P = 0.021) were significant predictors of higher titratable acidity.",Paediatric SF medicines were not more erosive than SC medicines in vitro; a more significant predictor of their erosive potential was dose form.,no
pilot_15,18435678,2008,Kell alloimmunization in pregnancy: associated with fetal thrombocytopenia?,"Kell haemolytic disease in pregnancies has been suggested to be associated with decreased fetal platelet counts. The aim of this study was to evaluate the incidence and clinical significance of fetal thrombocytopenia in pregnancies complicated by Kell alloimmunization. In this retrospective cohort study, fetal platelet counts were performed in 42 pregnancies with severe Kell alloimmunization prior to the first intrauterine blood transfusion. Platelet counts from 318 first intrauterine transfusions in RhD alloimmunized pregnancies were used as controls. Fetal thrombocytopenia (platelet count<150 x 10(9)/l) was found in 4/42 (10%) in the Kell group and in 84/318 (26%) in the RhD group. None of the fetuses in the Kell alloimmunized pregnancies, including 15 with severe hydrops, had a clinically significant thrombocytopenia defined as a platelet count<50 x 10(9)/l. In the RhD alloimmunized pregnancies, 2/230 (1%) of the non-hydropic fetuses and 7/30 (23%) of the severely hydropic fetuses had a clinically significant thrombocytopenia.","In contrast to fetuses with severe anaemia and hydrops due to RhD alloimmunization, fetuses with severe anaemia due to Kell alloimmunization are generally not at risk for substantial thrombocytopenia.",no
pilot_16,25503376,2014,Does airway surgery lower serum lipid levels in obstructive sleep apnea patients?,"Obstructive sleep apnea (OSA) is tightly linked to increased cardiovascular disease. Surgery is an important method to treat OSA, but its effect on serum lipid levels in OSA patients is unknown. We aimed to evaluate the effect of upper airway surgery on lipid profiles. We performed a retrospective review of 113 adult patients with OSA who underwent surgery (nasal or uvulopalatopharyngoplasty [UPPP]) at a major, urban, academic hospital in Beijing from 2012 to 2013 who had preoperative and postoperative serum lipid profiles. Serum TC (4.86±0.74 to 4.69±0.71) and LP(a) (median 18.50 to 10.90) all decreased significantly post-operatively (P<0.01, 0.01, respectively), with no changes in serum HDL, LDL, or TG (P>0.05, all). For UPPP patients (n=51), serum TC, HDL and LP(a) improved (P=0.01, 0.01,<0.01, respectively). For nasal patients (n=62), only the serum LP(a) decreased (P<0.01). In patients with normal serum lipids at baseline, only serum LP(a) decreased (P<0.01). In contrast, in patients with isolated hypertriglyceridemia, the serum HDL, TG and LP(a) showed significant improvements (P=0.02, 0.03,<0.01, respectively). In patients with isolated hypercholesterolemia, the serum LP(a) decreased significantly (P=0.01), with a similar trend for serum TC (P=0.06). In patients with mixed hyperlipidemia, the serum TC and LDL also decreased (P=0.02, 0.03, respectively).","Surgery may improve blood lipid levels in patients with OSA, especially in patients with preoperative dyslipidemia, potentially yielding a major benefit in metabolism and cardiovascular sequelae. Prospective studies should examine this potential metabolic effect of airway surgery for OSA.",yes
pilot_17,24698298,2014,MR arthrography of the shoulder: do we need local anesthesia?,"To assess pain intensity with and without subcutaneous local anesthesia prior to intraarticular administration of contrast medium for magnetic resonance arthrography (MRa) of the shoulder. This single-center study was conducted after an IRB waiver of authorization, between January 2010 and December 2012. All patients provided written, informed consent for the procedure. Our prospectively populated institutional database was searched, based on our inclusion criteria. There were 249 outpatients (178 men and 71 women; mean age, 44.4 years ± 14.6; range, 15-79) who underwent MRa and were enrolled in this study. Patients were excluded if they had received surgery of the shoulder before MRa, had undergone repeated MRa of the same shoulder, and/or had undergone MRa of both shoulders on the same day. Patients were randomly assigned into one of three groups. Patients in group A (n=61) received skin infiltration with local anesthesia. Patients in control group B (n=92) and group C (n=96) did not receive local anesthesia. Pain levels were immediately assessed after the injection for MRa using a horizontal visual analog scale (VAS) that ranged from 0 to 10. To compare the pain scores of the three groups for male and female patients, a two-way analysis of variance was used. A p-value equal to or less than 0.05 was considered to indicate a significant result. Patients who received local anesthesia (group A) showed a mean pain level on the VAS of 2.6 ± 2.3. In patients who did not receive local anesthetics (groups B and C), a mean pain level on the VAS of 2.6 ± 2.2 and 2.7 ± 2.4 were detected, respectively. Between the three groups, no statistically significant difference in pain intensity was detected (p=.960). There were significant differences in subjective pain perception between men and women (p=.009). Moreover, the sex difference in all three groups was equal (p=.934).","Local anesthesia is not required to lower a patient's pain intensity when applying intra-articular contrast media for MR arthrography of the shoulder. This could result in reduced costs and a reduced risk of adverse reactions, without an impact on patient comfort.",no
pilot_18,15489384,2004,Does reducing spasticity translate into functional benefit?,"Spasticity and loss of function in an affected arm are common after stroke. Although botulinum toxin is used to reduce spasticity, its functional benefits are less easily demonstrated. This paper reports an exploratory meta-analysis to investigate the relationship between reduced arm spasticity and improved arm function. Individual data from stroke patients in two randomised controlled trials of intra-muscular botulinum toxin were pooled. The Modified Ashworth Scale (elbow, wrist, fingers) was used to calculate a ""Composite Spasticity Index"". Data from the arm section of the Barthel Activities of Daily Living Index (dressing, grooming, and feeding) and three subjective measures (putting arm through sleeve, cleaning palm, cutting fingernails) were summed to give a ""Composite Functional Index"". Change scores and the time of maximum change were also calculated. Maximum changes in both composite measures occurred concurrently in 47 patients. In 26 patients the improvement in spasticity preceded the improvement in function with 18 showing the reverse. There was a definite relationship between the maximum change in spasticity and the maximum change in arm function, independent of treatment (rho = -0.2822, p = 0.0008, n = 137). There was a clear relationship between the changes in spasticity and in arm function in patients treated with botulinum toxin (Dysport) at 500 or 1000 units (rho = -0.5679, p = 0.0090, n = 22; rho = -0.4430, p = 0.0018, n = 47), but not in those treated with placebo or 1500 units.","Using a targeted meta-analytic approach, it is possible to demonstrate that reducing spasticity in the arm is associated with a significant improvement in arm function.",yes
pilot_19,18784527,2008,Can mandibular depiction be improved by changing the thickness of double-oblique computed tomography images?,"Multislice helical computed tomography (CT), which can provide detailed 2-D and 3-D reconstructed images, is useful in imaging diagnosis for dental implant treatment. Therefore, in this study, it was performed to clarify the mandibular depiction of double-oblique reconstructed images when changing their thickness. A total of 38 sites in the mandibular molar region were examined using multislice helical CT. The thicknesses of the double-oblique images using multislice helical CT scans were reconstructed in 4 conditions: 0.3 mm, 0.9 mm, 1.6 mm, and 4.1 mm. In double-oblique images, mandibular depiction was evaluated by 5 oral radiologists using a subjective rating score. In the alveolar crest and the whole of the mandibular canal, the highest value was obtained with 0.9 mm-thick images; however, there was no significant difference between 0.3 mm and 0.9 mm-thick images.",We concluded that depiction of the superior wall of the mandibular canal cannot be improved by changing the thickness of images.,no
pilot_20,26133538,2016,Does oral α-galactosidase relieve irritable bowel symptoms?,"Abdominal bloating is reported by a majority of irritable bowel syndrome (IBS) patients. Excess colonic fermentation may cause gaseous symptoms. Several foodstuffs contain oligosaccharides with an α-galactosidic linkage that is resistant to mammalian hydrolases. Assisted hydrolysis by exogenous α-galactosidase enzyme (AG) could offer a way of controlling IBS symptoms by reducing colonic fermentation and gas production. The aim of this study was to assess the effect of AG on symptom severity and quality of life in IBS patients with abdominal bloating or flatulence. A total of 125 subjects with IBS received AG or placebo at meals for 12 weeks. IBS-Symptom Severity Score (IBS-SSS) and quality of life (QoL) were assessed at baseline, during the treatment and at 4-week follow-up. AG showed a trend toward a more prominent decrease in IBS-SSS. The responder rate at week 16 was higher for the AG group. No difference was detected in QoL between AG and placebo groups. A total of 25 patients (18 in AG group and 7 in placebo group, p = 0.016) withdrew from the study. Abdominal pain and diarrhea were more often reported as reason for withdrawal in AG group.","We found no evidence to support the use of AG routinely in IBS patients. Improvement of clinical response at 4-week follow-up may suggest a long-term effect of unknown mechanism, but could also be attributed to non-responder drop out. Gastrointestinal (GI) side effects may be a coincidence in this study, but irritation of GI tract by AG administration cannot be excluded.",no
