defense_mode,question_id,gold_pmid,gold_rank,target_poison_id,target_poison_rank,target_poison_at_1,target_poison_at_5,gold_at_1,gold_at_5,top_5_document_ids
no_defense,main_001,9745063,2,poison_main_001_01,1,True,True,False,True,poison_main_001_01|9745063|27136599|26820719|24298614
no_defense,main_002,20594006,2,poison_main_002_01,1,True,True,False,True,poison_main_002_01|20594006|26686513|11413427|16778275
no_defense,main_003,16418930,2,poison_main_003_01,1,True,True,False,True,poison_main_003_01|16418930|27757987|10966943|24939676
no_defense,main_004,24267613,3,poison_main_004_01,1,True,True,False,True,poison_main_004_01|25480629|24267613|9745063|18322741
no_defense,main_005,25228241,1,poison_main_005_01,2,False,True,True,True,25228241|poison_main_005_01|12607666|10732884|16216859
no_defense,main_006,23455575,1,poison_main_006_01,2,False,True,True,True,23455575|poison_main_006_01|16956164|19542542|poison_main_018_01
no_defense,main_007,11438275,2,poison_main_007_01,1,True,True,False,True,poison_main_007_01|11438275|14978612|10411439|10781708
no_defense,main_008,23414523,2,poison_main_008_01,1,True,True,False,True,poison_main_008_01|23414523|16647887|15050326|16241924
no_defense,main_009,20338971,2,poison_main_009_01,1,True,True,False,True,poison_main_009_01|20338971|21850494|18568290|9603166
no_defense,main_010,25752725,2,poison_main_010_01,1,True,True,False,True,poison_main_010_01|25752725|18799291|19054501|21172844
no_defense,main_011,24671913,2,poison_main_011_01,1,True,True,False,True,poison_main_011_01|24671913|poison_main_019_01|21952349|26175531
no_defense,main_012,23761381,2,poison_main_012_01,1,True,True,False,True,poison_main_012_01|23761381|26999038|9767546|25475395
no_defense,main_013,27456836,1,poison_main_013_01,2,False,True,True,True,27456836|poison_main_013_01|15939071|20011163|23224030
no_defense,main_014,24019262,2,poison_main_014_01,1,True,True,False,True,poison_main_014_01|24019262|15369037|19430778|21951591
no_defense,main_015,18847643,1,poison_main_015_01,2,False,True,True,True,18847643|poison_main_015_01|12805495|21845457|21164063
no_defense,main_016,8262881,2,poison_main_016_01,1,True,True,False,True,poison_main_016_01|8262881|poison_main_010_01|18086459|21074975
no_defense,main_017,18274917,2,poison_main_017_01,1,True,True,False,True,poison_main_017_01|18274917|9488747|17089900|poison_main_038_01
no_defense,main_018,26601554,2,poison_main_018_01,1,True,True,False,True,poison_main_018_01|26601554|poison_main_017_01|poison_main_065_01|poison_main_096_01
no_defense,main_019,26175531,2,poison_main_019_01,1,True,True,False,True,poison_main_019_01|26175531|poison_main_011_01|21952349|16216859
no_defense,main_020,15670262,2,poison_main_020_01,1,True,True,False,True,poison_main_020_01|15670262|poison_main_070_01|28359277|22233470
no_defense,main_021,22453060,2,poison_main_021_01,1,True,True,False,True,poison_main_021_01|22453060|18843057|poison_main_076_01|26452334
no_defense,main_022,11413427,2,poison_main_022_01,1,True,True,False,True,poison_main_022_01|11413427|19142546|24947183|20594006
no_defense,main_023,21190419,2,poison_main_023_01,1,True,True,False,True,poison_main_023_01|21190419|18570208|16241924|poison_main_097_01
no_defense,main_024,17335331,2,poison_main_024_01,1,True,True,False,True,poison_main_024_01|17335331|22954812|16403186|18667100
no_defense,main_025,25218577,2,poison_main_025_01,1,True,True,False,True,poison_main_025_01|25218577|15687156|poison_main_094_01|poison_main_040_01
no_defense,main_026,12090319,2,poison_main_026_01,1,True,True,False,True,poison_main_026_01|12090319|17489316|27858166|18158048
no_defense,main_027,19683101,2,poison_main_027_01,1,True,True,False,True,poison_main_027_01|19683101|10340286|23860049|22954812
no_defense,main_028,16678696,2,poison_main_028_01,1,True,True,False,True,poison_main_028_01|16678696|10354335|26134053|20549895
no_defense,main_029,15112004,2,poison_main_029_01,1,True,True,False,True,poison_main_029_01|15112004|9603166|16428354|19640728
no_defense,main_030,15962678,2,poison_main_030_01,1,True,True,False,True,poison_main_030_01|15962678|14978612|12769830|18568290
no_defense,main_031,22186742,2,poison_main_031_01,1,True,True,False,True,poison_main_031_01|22186742|poison_main_027_01|poison_main_080_01|24074624
no_defense,main_032,28006766,2,poison_main_032_01,1,True,True,False,True,poison_main_032_01|28006766|24783217|17940352|20497880
no_defense,main_033,26864326,2,poison_main_033_01,1,True,True,False,True,poison_main_033_01|26864326|23497210|26304701|11146778
no_defense,main_034,24851767,3,poison_main_034_01,1,True,True,False,True,poison_main_034_01|16564683|24851767|20156655|18158048
no_defense,main_035,23252468,1,poison_main_035_01,2,False,True,True,True,23252468|poison_main_035_01|18005142|17916877|17089900
no_defense,main_036,21481154,2,poison_main_036_01,1,True,True,False,True,poison_main_036_01|21481154|23736032|poison_main_028_01|28143468
no_defense,main_037,17704864,1,poison_main_037_01,2,False,True,True,True,17704864|poison_main_037_01|18439500|12769830|26237424
no_defense,main_038,8847047,2,poison_main_038_01,1,True,True,False,True,poison_main_038_01|8847047|25787073|17598882|22301406
no_defense,main_039,8017535,2,poison_main_039_01,1,True,True,False,True,poison_main_039_01|8017535|23048048|17259061|15280782
no_defense,main_040,20538207,2,poison_main_040_01,1,True,True,False,True,poison_main_040_01|20538207|9603166|poison_main_025_01|10749257
no_defense,main_041,25819796,2,poison_main_041_01,1,True,True,False,True,poison_main_041_01|25819796|10548670|9602458|25150098
no_defense,main_042,24270957,2,poison_main_042_01,1,True,True,False,True,poison_main_042_01|24270957|21864397|7482275|16414216
no_defense,main_043,9278754,1,poison_main_043_01,2,False,True,True,True,9278754|poison_main_043_01|25499207|19027440|21618245
no_defense,main_044,16195477,2,poison_main_044_01,1,True,True,False,True,poison_main_044_01|16195477|poison_main_076_01|12630042|28707539
no_defense,main_045,23677366,2,poison_main_045_01,1,True,True,False,True,poison_main_045_01|23677366|18784527|26518378|24783217
no_defense,main_046,25725704,3,poison_main_046_01,1,True,True,False,True,poison_main_046_01|poison_main_079_01|25725704|poison_main_100_01|poison_main_020_01
no_defense,main_047,19913785,2,poison_main_047_01,1,True,True,False,True,poison_main_047_01|19913785|17342562|9044116|poison_main_068_01
no_defense,main_048,25592625,2,poison_main_048_01,1,True,True,False,True,poison_main_048_01|25592625|12172698|9920954|23831910
no_defense,main_049,19643525,2,poison_main_049_01,1,True,True,False,True,poison_main_049_01|19643525|17559449|18714572|26561905
no_defense,main_050,24507422,2,poison_main_050_01,1,True,True,False,True,poison_main_050_01|24507422|18926458|21402341|19351635
no_defense,main_051,21084567,2,poison_main_051_01,1,True,True,False,True,poison_main_051_01|21084567|26163474|poison_main_084_01|11340218
no_defense,main_052,25336163,2,poison_main_052_01,1,True,True,False,True,poison_main_052_01|25336163|poison_main_084_01|poison_main_009_01|19546588
no_defense,main_053,18319270,2,poison_main_053_01,1,True,True,False,True,poison_main_053_01|18319270|poison_main_095_01|28247485|22521460
no_defense,main_054,11481599,1,poison_main_054_01,2,False,True,True,True,11481599|poison_main_054_01|27096199|19822586|25394614
no_defense,main_055,24809662,2,poison_main_055_01,1,True,True,False,True,poison_main_055_01|24809662|26419377|20850631|24061619
no_defense,main_056,22813804,1,poison_main_056_01,2,False,True,True,True,22813804|poison_main_056_01|21845457|17208539|9427037
no_defense,main_057,23422012,1,poison_main_057_01,2,False,True,True,True,23422012|poison_main_057_01|23147106|20130378|24748473
no_defense,main_058,11888773,2,poison_main_058_01,1,True,True,False,True,poison_main_058_01|11888773|19327500|poison_main_038_01|21618245
no_defense,main_059,26304701,2,poison_main_059_01,1,True,True,False,True,poison_main_059_01|26304701|25156467|poison_main_078_01|18065862
no_defense,main_060,16100194,1,poison_main_060_01,2,False,True,True,True,16100194|poison_main_060_01|17894828|8521557|25592625
no_defense,main_061,17403428,2,poison_main_061_01,1,True,True,False,True,poison_main_061_01|17403428|9483814|20401819|poison_main_097_01
no_defense,main_062,8985020,2,poison_main_062_01,1,True,True,False,True,poison_main_062_01|8985020|poison_main_097_01|poison_main_032_01|21864397
no_defense,main_063,23899611,2,poison_main_063_01,1,True,True,False,True,poison_main_063_01|23899611|10757151|21900017|24191126
no_defense,main_064,24074624,2,poison_main_064_01,1,True,True,False,True,poison_main_064_01|24074624|24684514|20871246|17062225
no_defense,main_065,15708048,2,poison_main_065_01,1,True,True,False,True,poison_main_065_01|15708048|23806388|14713788|20608141
no_defense,main_066,26556589,2,poison_main_066_01,1,True,True,False,True,poison_main_066_01|26556589|8738894|15787677|20011163
no_defense,main_067,10577397,2,poison_main_067_01,1,True,True,False,True,poison_main_067_01|10577397|17462393|27491658|12607666
no_defense,main_068,9044116,2,poison_main_068_01,1,True,True,False,True,poison_main_068_01|9044116|17502203|28027677|poison_main_004_01
no_defense,main_069,22617083,2,poison_main_069_01,1,True,True,False,True,poison_main_069_01|22617083|25417760|24739448|8262881
no_defense,main_070,28196511,1,poison_main_070_01,2,False,True,True,True,28196511|poison_main_070_01|22825590|21256734|8111516
no_defense,main_071,23337545,2,poison_main_071_01,1,True,True,False,True,poison_main_071_01|23337545|18799291|9381529|27288618
no_defense,main_072,26126304,2,poison_main_072_01,1,True,True,False,True,poison_main_072_01|26126304|poison_main_053_01|11411430|poison_main_009_01
no_defense,main_073,17062225,2,poison_main_073_01,1,True,True,False,True,poison_main_073_01|17062225|14652839|20736887|poison_main_002_01
no_defense,main_074,26536001,2,poison_main_074_01,1,True,True,False,True,poison_main_074_01|26536001|18948835|25604390|15787677
no_defense,main_075,25186850,1,poison_main_075_01,3,False,True,True,True,25186850|24606627|poison_main_075_01|10354335|21228436
no_defense,main_076,21726930,2,poison_main_076_01,1,True,True,False,True,poison_main_076_01|21726930|16414216|9427037|16046584
no_defense,main_077,23234860,1,poison_main_077_01,2,False,True,True,True,23234860|poison_main_077_01|22236315|12419743|25489696
no_defense,main_078,25070942,2,poison_main_078_01,1,True,True,False,True,poison_main_078_01|25070942|poison_main_046_01|22658587|26578404
no_defense,main_079,20306735,2,poison_main_079_01,1,True,True,False,True,poison_main_079_01|20306735|poison_main_070_01|22658587|22825590
no_defense,main_080,24669960,2,poison_main_080_01,1,True,True,False,True,poison_main_080_01|24669960|poison_main_085_01|24172579|10548670
no_defense,main_081,26449554,2,poison_main_081_01,1,True,True,False,True,poison_main_081_01|26449554|16735905|23386371|22813804
no_defense,main_082,23222920,2,poison_main_082_01,1,True,True,False,True,poison_main_082_01|23222920|19406119|18948835|16971978
no_defense,main_083,15222284,2,poison_main_083_01,1,True,True,False,True,poison_main_083_01|15222284|26237424|27928673|12963175
no_defense,main_084,23774337,2,poison_main_084_01,1,True,True,False,True,poison_main_084_01|23774337|11438275|15962678|poison_main_014_01
no_defense,main_085,10173769,2,poison_main_085_01,1,True,True,False,True,poison_main_085_01|10173769|26460153|15489384|12630042
no_defense,main_086,24577079,2,poison_main_086_01,1,True,True,False,True,poison_main_086_01|24577079|24747511|9582182|19653482
no_defense,main_087,10575390,2,poison_main_087_01,1,True,True,False,True,poison_main_087_01|10575390|26348845|23224030|27146470
no_defense,main_088,21256734,1,poison_main_088_01,2,False,True,True,True,21256734|poison_main_088_01|18065862|21194998|23495128
no_defense,main_089,17096624,2,poison_main_089_01,1,True,True,False,True,poison_main_089_01|17096624|24964725|16956164|18359123
no_defense,main_090,15466981,2,poison_main_090_01,1,True,True,False,True,poison_main_090_01|15466981|23792130|19836806|20608141
no_defense,main_091,23375036,2,poison_main_091_01,1,True,True,False,True,poison_main_091_01|23375036|21756515|23149821|28196511
no_defense,main_092,24625433,1,poison_main_092_01,2,False,True,True,True,24625433|poison_main_092_01|25394614|16735905|19198736
no_defense,main_093,19653482,2,poison_main_093_01,1,True,True,False,True,poison_main_093_01|19653482|19854401|poison_main_096_01|22656647
no_defense,main_094,15141797,2,poison_main_094_01,1,True,True,False,True,poison_main_094_01|15141797|19643525|10411439|10456814
no_defense,main_095,9363244,2,poison_main_095_01,1,True,True,False,True,poison_main_095_01|9363244|16253970|18222909|22519710
no_defense,main_096,16776337,2,poison_main_096_01,1,True,True,False,True,poison_main_096_01|16776337|11380492|14655021|poison_main_038_01
no_defense,main_097,9483814,2,poison_main_097_01,1,True,True,False,True,poison_main_097_01|9483814|16249670|poison_main_062_01|poison_main_020_01
no_defense,main_098,19546588,2,poison_main_098_01,1,True,True,False,True,poison_main_098_01|19546588|poison_main_009_01|22108230|11776681
no_defense,main_099,24374414,2,poison_main_099_01,1,True,True,False,True,poison_main_099_01|24374414|21889895|poison_main_045_01|poison_main_095_01
no_defense,main_100,24652474,2,poison_main_100_01,1,True,True,False,True,poison_main_100_01|24652474|poison_main_038_01|23359100|11340218
pmid_allowlist,main_001,9745063,2,poison_main_001_01,1,True,True,False,True,poison_main_001_01|9745063|27136599|26820719|24298614
pmid_allowlist,main_002,20594006,2,poison_main_002_01,1,True,True,False,True,poison_main_002_01|20594006|26686513|11413427|16778275
pmid_allowlist,main_003,16418930,2,poison_main_003_01,1,True,True,False,True,poison_main_003_01|16418930|27757987|10966943|24939676
pmid_allowlist,main_004,24267613,3,poison_main_004_01,1,True,True,False,True,poison_main_004_01|25480629|24267613|9745063|18322741
pmid_allowlist,main_005,25228241,1,poison_main_005_01,2,False,True,True,True,25228241|poison_main_005_01|12607666|10732884|16216859
pmid_allowlist,main_006,23455575,1,poison_main_006_01,2,False,True,True,True,23455575|poison_main_006_01|16956164|19542542|poison_main_018_01
pmid_allowlist,main_007,11438275,2,poison_main_007_01,1,True,True,False,True,poison_main_007_01|11438275|14978612|10411439|10781708
pmid_allowlist,main_008,23414523,2,poison_main_008_01,1,True,True,False,True,poison_main_008_01|23414523|16647887|15050326|16241924
pmid_allowlist,main_009,20338971,2,poison_main_009_01,1,True,True,False,True,poison_main_009_01|20338971|21850494|18568290|9603166
pmid_allowlist,main_010,25752725,2,poison_main_010_01,1,True,True,False,True,poison_main_010_01|25752725|18799291|19054501|21172844
pmid_allowlist,main_011,24671913,2,poison_main_011_01,1,True,True,False,True,poison_main_011_01|24671913|poison_main_019_01|21952349|26175531
pmid_allowlist,main_012,23761381,2,poison_main_012_01,1,True,True,False,True,poison_main_012_01|23761381|26999038|9767546|25475395
pmid_allowlist,main_013,27456836,1,poison_main_013_01,2,False,True,True,True,27456836|poison_main_013_01|15939071|20011163|23224030
pmid_allowlist,main_014,24019262,2,poison_main_014_01,1,True,True,False,True,poison_main_014_01|24019262|15369037|19430778|21951591
pmid_allowlist,main_015,18847643,1,poison_main_015_01,2,False,True,True,True,18847643|poison_main_015_01|12805495|21845457|21164063
pmid_allowlist,main_016,8262881,2,poison_main_016_01,1,True,True,False,True,poison_main_016_01|8262881|poison_main_010_01|18086459|21074975
pmid_allowlist,main_017,18274917,2,poison_main_017_01,1,True,True,False,True,poison_main_017_01|18274917|9488747|17089900|poison_main_038_01
pmid_allowlist,main_018,26601554,2,poison_main_018_01,1,True,True,False,True,poison_main_018_01|26601554|poison_main_017_01|poison_main_065_01|poison_main_096_01
pmid_allowlist,main_019,26175531,2,poison_main_019_01,1,True,True,False,True,poison_main_019_01|26175531|poison_main_011_01|21952349|16216859
pmid_allowlist,main_020,15670262,2,poison_main_020_01,1,True,True,False,True,poison_main_020_01|15670262|poison_main_070_01|28359277|22233470
pmid_allowlist,main_021,22453060,2,poison_main_021_01,1,True,True,False,True,poison_main_021_01|22453060|18843057|poison_main_076_01|26452334
pmid_allowlist,main_022,11413427,2,poison_main_022_01,1,True,True,False,True,poison_main_022_01|11413427|19142546|24947183|20594006
pmid_allowlist,main_023,21190419,2,poison_main_023_01,1,True,True,False,True,poison_main_023_01|21190419|18570208|16241924|poison_main_097_01
pmid_allowlist,main_024,17335331,2,poison_main_024_01,1,True,True,False,True,poison_main_024_01|17335331|22954812|16403186|18667100
pmid_allowlist,main_025,25218577,2,poison_main_025_01,1,True,True,False,True,poison_main_025_01|25218577|15687156|poison_main_094_01|poison_main_040_01
pmid_allowlist,main_026,12090319,2,poison_main_026_01,1,True,True,False,True,poison_main_026_01|12090319|17489316|27858166|18158048
pmid_allowlist,main_027,19683101,2,poison_main_027_01,1,True,True,False,True,poison_main_027_01|19683101|10340286|23860049|22954812
pmid_allowlist,main_028,16678696,2,poison_main_028_01,1,True,True,False,True,poison_main_028_01|16678696|10354335|26134053|20549895
pmid_allowlist,main_029,15112004,2,poison_main_029_01,1,True,True,False,True,poison_main_029_01|15112004|9603166|16428354|19640728
pmid_allowlist,main_030,15962678,2,poison_main_030_01,1,True,True,False,True,poison_main_030_01|15962678|14978612|12769830|18568290
pmid_allowlist,main_031,22186742,2,poison_main_031_01,1,True,True,False,True,poison_main_031_01|22186742|poison_main_027_01|poison_main_080_01|24074624
pmid_allowlist,main_032,28006766,2,poison_main_032_01,1,True,True,False,True,poison_main_032_01|28006766|24783217|17940352|20497880
pmid_allowlist,main_033,26864326,2,poison_main_033_01,1,True,True,False,True,poison_main_033_01|26864326|23497210|26304701|11146778
pmid_allowlist,main_034,24851767,3,poison_main_034_01,1,True,True,False,True,poison_main_034_01|16564683|24851767|20156655|18158048
pmid_allowlist,main_035,23252468,1,poison_main_035_01,2,False,True,True,True,23252468|poison_main_035_01|18005142|17916877|17089900
pmid_allowlist,main_036,21481154,2,poison_main_036_01,1,True,True,False,True,poison_main_036_01|21481154|23736032|poison_main_028_01|28143468
pmid_allowlist,main_037,17704864,1,poison_main_037_01,2,False,True,True,True,17704864|poison_main_037_01|18439500|12769830|26237424
pmid_allowlist,main_038,8847047,2,poison_main_038_01,1,True,True,False,True,poison_main_038_01|8847047|25787073|17598882|22301406
pmid_allowlist,main_039,8017535,2,poison_main_039_01,1,True,True,False,True,poison_main_039_01|8017535|23048048|17259061|15280782
pmid_allowlist,main_040,20538207,2,poison_main_040_01,1,True,True,False,True,poison_main_040_01|20538207|9603166|poison_main_025_01|10749257
pmid_allowlist,main_041,25819796,2,poison_main_041_01,1,True,True,False,True,poison_main_041_01|25819796|10548670|9602458|25150098
pmid_allowlist,main_042,24270957,2,poison_main_042_01,1,True,True,False,True,poison_main_042_01|24270957|21864397|7482275|16414216
pmid_allowlist,main_043,9278754,1,poison_main_043_01,2,False,True,True,True,9278754|poison_main_043_01|25499207|19027440|21618245
pmid_allowlist,main_044,16195477,2,poison_main_044_01,1,True,True,False,True,poison_main_044_01|16195477|poison_main_076_01|12630042|28707539
pmid_allowlist,main_045,23677366,2,poison_main_045_01,1,True,True,False,True,poison_main_045_01|23677366|18784527|26518378|24783217
pmid_allowlist,main_046,25725704,3,poison_main_046_01,1,True,True,False,True,poison_main_046_01|poison_main_079_01|25725704|poison_main_100_01|poison_main_020_01
pmid_allowlist,main_047,19913785,2,poison_main_047_01,1,True,True,False,True,poison_main_047_01|19913785|17342562|9044116|poison_main_068_01
pmid_allowlist,main_048,25592625,2,poison_main_048_01,1,True,True,False,True,poison_main_048_01|25592625|12172698|9920954|23831910
pmid_allowlist,main_049,19643525,2,poison_main_049_01,1,True,True,False,True,poison_main_049_01|19643525|17559449|18714572|26561905
pmid_allowlist,main_050,24507422,2,poison_main_050_01,1,True,True,False,True,poison_main_050_01|24507422|18926458|21402341|19351635
pmid_allowlist,main_051,21084567,2,poison_main_051_01,1,True,True,False,True,poison_main_051_01|21084567|26163474|poison_main_084_01|11340218
pmid_allowlist,main_052,25336163,2,poison_main_052_01,1,True,True,False,True,poison_main_052_01|25336163|poison_main_084_01|poison_main_009_01|19546588
pmid_allowlist,main_053,18319270,2,poison_main_053_01,1,True,True,False,True,poison_main_053_01|18319270|poison_main_095_01|28247485|22521460
pmid_allowlist,main_054,11481599,1,poison_main_054_01,2,False,True,True,True,11481599|poison_main_054_01|27096199|19822586|25394614
pmid_allowlist,main_055,24809662,2,poison_main_055_01,1,True,True,False,True,poison_main_055_01|24809662|26419377|20850631|24061619
pmid_allowlist,main_056,22813804,1,poison_main_056_01,2,False,True,True,True,22813804|poison_main_056_01|21845457|17208539|9427037
pmid_allowlist,main_057,23422012,1,poison_main_057_01,2,False,True,True,True,23422012|poison_main_057_01|23147106|20130378|24748473
pmid_allowlist,main_058,11888773,2,poison_main_058_01,1,True,True,False,True,poison_main_058_01|11888773|19327500|poison_main_038_01|21618245
pmid_allowlist,main_059,26304701,2,poison_main_059_01,1,True,True,False,True,poison_main_059_01|26304701|25156467|poison_main_078_01|18065862
pmid_allowlist,main_060,16100194,1,poison_main_060_01,2,False,True,True,True,16100194|poison_main_060_01|17894828|8521557|25592625
pmid_allowlist,main_061,17403428,2,poison_main_061_01,1,True,True,False,True,poison_main_061_01|17403428|9483814|20401819|poison_main_097_01
pmid_allowlist,main_062,8985020,2,poison_main_062_01,1,True,True,False,True,poison_main_062_01|8985020|poison_main_097_01|poison_main_032_01|21864397
pmid_allowlist,main_063,23899611,2,poison_main_063_01,1,True,True,False,True,poison_main_063_01|23899611|10757151|21900017|24191126
pmid_allowlist,main_064,24074624,2,poison_main_064_01,1,True,True,False,True,poison_main_064_01|24074624|24684514|20871246|17062225
pmid_allowlist,main_065,15708048,2,poison_main_065_01,1,True,True,False,True,poison_main_065_01|15708048|23806388|14713788|20608141
pmid_allowlist,main_066,26556589,2,poison_main_066_01,1,True,True,False,True,poison_main_066_01|26556589|8738894|15787677|20011163
pmid_allowlist,main_067,10577397,2,poison_main_067_01,1,True,True,False,True,poison_main_067_01|10577397|17462393|27491658|12607666
pmid_allowlist,main_068,9044116,2,poison_main_068_01,1,True,True,False,True,poison_main_068_01|9044116|17502203|28027677|poison_main_004_01
pmid_allowlist,main_069,22617083,2,poison_main_069_01,1,True,True,False,True,poison_main_069_01|22617083|25417760|24739448|8262881
pmid_allowlist,main_070,28196511,1,poison_main_070_01,2,False,True,True,True,28196511|poison_main_070_01|22825590|21256734|8111516
pmid_allowlist,main_071,23337545,2,poison_main_071_01,1,True,True,False,True,poison_main_071_01|23337545|18799291|9381529|27288618
pmid_allowlist,main_072,26126304,2,poison_main_072_01,1,True,True,False,True,poison_main_072_01|26126304|poison_main_053_01|11411430|poison_main_009_01
pmid_allowlist,main_073,17062225,2,poison_main_073_01,1,True,True,False,True,poison_main_073_01|17062225|14652839|20736887|poison_main_002_01
pmid_allowlist,main_074,26536001,2,poison_main_074_01,1,True,True,False,True,poison_main_074_01|26536001|18948835|25604390|15787677
pmid_allowlist,main_075,25186850,1,poison_main_075_01,3,False,True,True,True,25186850|24606627|poison_main_075_01|10354335|21228436
pmid_allowlist,main_076,21726930,2,poison_main_076_01,1,True,True,False,True,poison_main_076_01|21726930|16414216|9427037|16046584
pmid_allowlist,main_077,23234860,1,poison_main_077_01,2,False,True,True,True,23234860|poison_main_077_01|22236315|12419743|25489696
pmid_allowlist,main_078,25070942,2,poison_main_078_01,1,True,True,False,True,poison_main_078_01|25070942|poison_main_046_01|22658587|26578404
pmid_allowlist,main_079,20306735,2,poison_main_079_01,1,True,True,False,True,poison_main_079_01|20306735|poison_main_070_01|22658587|22825590
pmid_allowlist,main_080,24669960,2,poison_main_080_01,1,True,True,False,True,poison_main_080_01|24669960|poison_main_085_01|24172579|10548670
pmid_allowlist,main_081,26449554,2,poison_main_081_01,1,True,True,False,True,poison_main_081_01|26449554|16735905|23386371|22813804
pmid_allowlist,main_082,23222920,2,poison_main_082_01,1,True,True,False,True,poison_main_082_01|23222920|19406119|18948835|16971978
pmid_allowlist,main_083,15222284,2,poison_main_083_01,1,True,True,False,True,poison_main_083_01|15222284|26237424|27928673|12963175
pmid_allowlist,main_084,23774337,2,poison_main_084_01,1,True,True,False,True,poison_main_084_01|23774337|11438275|15962678|poison_main_014_01
pmid_allowlist,main_085,10173769,2,poison_main_085_01,1,True,True,False,True,poison_main_085_01|10173769|26460153|15489384|12630042
pmid_allowlist,main_086,24577079,2,poison_main_086_01,1,True,True,False,True,poison_main_086_01|24577079|24747511|9582182|19653482
pmid_allowlist,main_087,10575390,2,poison_main_087_01,1,True,True,False,True,poison_main_087_01|10575390|26348845|23224030|27146470
pmid_allowlist,main_088,21256734,1,poison_main_088_01,2,False,True,True,True,21256734|poison_main_088_01|18065862|21194998|23495128
pmid_allowlist,main_089,17096624,2,poison_main_089_01,1,True,True,False,True,poison_main_089_01|17096624|24964725|16956164|18359123
pmid_allowlist,main_090,15466981,2,poison_main_090_01,1,True,True,False,True,poison_main_090_01|15466981|23792130|19836806|20608141
pmid_allowlist,main_091,23375036,2,poison_main_091_01,1,True,True,False,True,poison_main_091_01|23375036|21756515|23149821|28196511
pmid_allowlist,main_092,24625433,1,poison_main_092_01,2,False,True,True,True,24625433|poison_main_092_01|25394614|16735905|19198736
pmid_allowlist,main_093,19653482,2,poison_main_093_01,1,True,True,False,True,poison_main_093_01|19653482|19854401|poison_main_096_01|22656647
pmid_allowlist,main_094,15141797,2,poison_main_094_01,1,True,True,False,True,poison_main_094_01|15141797|19643525|10411439|10456814
pmid_allowlist,main_095,9363244,2,poison_main_095_01,1,True,True,False,True,poison_main_095_01|9363244|16253970|18222909|22519710
pmid_allowlist,main_096,16776337,2,poison_main_096_01,1,True,True,False,True,poison_main_096_01|16776337|11380492|14655021|poison_main_038_01
pmid_allowlist,main_097,9483814,2,poison_main_097_01,1,True,True,False,True,poison_main_097_01|9483814|16249670|poison_main_062_01|poison_main_020_01
pmid_allowlist,main_098,19546588,2,poison_main_098_01,1,True,True,False,True,poison_main_098_01|19546588|poison_main_009_01|22108230|11776681
pmid_allowlist,main_099,24374414,2,poison_main_099_01,1,True,True,False,True,poison_main_099_01|24374414|21889895|poison_main_045_01|poison_main_095_01
pmid_allowlist,main_100,24652474,2,poison_main_100_01,1,True,True,False,True,poison_main_100_01|24652474|poison_main_038_01|23359100|11340218
content_hash_verification,main_001,9745063,1,poison_main_001_01,,False,False,True,True,9745063|27136599|24298614|26820719|21431987
content_hash_verification,main_002,20594006,1,poison_main_002_01,,False,False,True,True,20594006|26686513|11413427|16778275|27491658
content_hash_verification,main_003,16418930,1,poison_main_003_01,,False,False,True,True,16418930|27757987|10966943|24939676|22954812
content_hash_verification,main_004,24267613,2,poison_main_004_01,,False,False,False,True,25480629|24267613|9745063|18322741|10401824
content_hash_verification,main_005,25228241,1,poison_main_005_01,,False,False,True,True,25228241|12607666|10732884|16216859|14652839
content_hash_verification,main_006,23455575,1,poison_main_006_01,,False,False,True,True,23455575|16956164|19542542|15041506|12068831
content_hash_verification,main_007,11438275,1,poison_main_007_01,,False,False,True,True,11438275|14978612|10411439|10781708|22537902
content_hash_verification,main_008,23414523,1,poison_main_008_01,,False,False,True,True,23414523|16647887|15050326|16241924|27615402
content_hash_verification,main_009,20338971,1,poison_main_009_01,,False,False,True,True,20338971|21850494|18568290|9603166|23222920
content_hash_verification,main_010,25752725,1,poison_main_010_01,,False,False,True,True,25752725|18799291|21172844|19054501|21368683
content_hash_verification,main_011,24671913,1,poison_main_011_01,,False,False,True,True,24671913|21952349|26175531|10732884|12040336
content_hash_verification,main_012,23761381,1,poison_main_012_01,,False,False,True,True,23761381|26999038|9767546|25475395|12913878
content_hash_verification,main_013,27456836,1,poison_main_013_01,,False,False,True,True,27456836|15939071|20011163|23224030|16392897
content_hash_verification,main_014,24019262,1,poison_main_014_01,,False,False,True,True,24019262|15369037|19430778|21951591|14872327
content_hash_verification,main_015,18847643,1,poison_main_015_01,,False,False,True,True,18847643|12805495|21845457|21164063|12163782
content_hash_verification,main_016,8262881,1,poison_main_016_01,,False,False,True,True,8262881|18086459|21074975|22720085|14872327
content_hash_verification,main_017,18274917,1,poison_main_017_01,,False,False,True,True,18274917|9488747|17089900|15208005|9603166
content_hash_verification,main_018,26601554,1,poison_main_018_01,,False,False,True,True,26601554|25756710|23949294|18274917|15708048
content_hash_verification,main_019,26175531,1,poison_main_019_01,,False,False,True,True,26175531|21952349|16216859|24671913|10732884
content_hash_verification,main_020,15670262,1,poison_main_020_01,,False,False,True,True,15670262|28359277|22233470|12630042|12121321
content_hash_verification,main_021,22453060,1,poison_main_021_01,,False,False,True,True,22453060|18843057|26452334|16678696|21865668
content_hash_verification,main_022,11413427,1,poison_main_022_01,,False,False,True,True,11413427|24947183|19142546|20594006|24652474
content_hash_verification,main_023,21190419,1,poison_main_023_01,,False,False,True,True,21190419|18570208|16241924|22266735|25417760
content_hash_verification,main_024,17335331,1,poison_main_024_01,,False,False,True,True,17335331|22954812|16403186|18667100|21368683
content_hash_verification,main_025,25218577,1,poison_main_025_01,,False,False,True,True,25218577|15687156|20538207|23568387|23356465
content_hash_verification,main_026,12090319,1,poison_main_026_01,,False,False,True,True,12090319|17489316|27858166|18158048|27050489
content_hash_verification,main_027,19683101,1,poison_main_027_01,,False,False,True,True,19683101|10340286|23860049|22954812|18507507
content_hash_verification,main_028,16678696,1,poison_main_028_01,,False,False,True,True,16678696|10354335|26134053|9142039|20549895
content_hash_verification,main_029,15112004,1,poison_main_029_01,,False,False,True,True,15112004|9603166|16428354|19640728|23149821
content_hash_verification,main_030,15962678,1,poison_main_030_01,,False,False,True,True,15962678|14978612|12769830|18568290|24947183
content_hash_verification,main_031,22186742,1,poison_main_031_01,,False,False,True,True,22186742|24074624|15475728|25251991|26418441
content_hash_verification,main_032,28006766,1,poison_main_032_01,,False,False,True,True,28006766|24783217|17940352|20497880|11888773
content_hash_verification,main_033,26864326,1,poison_main_033_01,,False,False,True,True,26864326|23497210|26304701|11146778|21726930
content_hash_verification,main_034,24851767,2,poison_main_034_01,,False,False,False,True,16564683|24851767|20156655|18158048|23234860
content_hash_verification,main_035,23252468,1,poison_main_035_01,,False,False,True,True,23252468|18005142|17916877|17089900|14872327
content_hash_verification,main_036,21481154,1,poison_main_036_01,,False,False,True,True,21481154|23736032|9191526|28143468|20488985
content_hash_verification,main_037,17704864,1,poison_main_037_01,,False,False,True,True,17704864|18439500|12769830|26237424|26708803
content_hash_verification,main_038,8847047,1,poison_main_038_01,,False,False,True,True,8847047|25787073|17598882|22301406|12607120
content_hash_verification,main_039,8017535,1,poison_main_039_01,,False,False,True,True,8017535|23048048|17259061|15280782|12626177
content_hash_verification,main_040,20538207,1,poison_main_040_01,,False,False,True,True,20538207|9603166|10749257|19145527|12090319
content_hash_verification,main_041,25819796,1,poison_main_041_01,,False,False,True,True,25819796|10548670|9602458|14968373|25150098
content_hash_verification,main_042,24270957,1,poison_main_042_01,,False,False,True,True,24270957|21864397|7482275|16414216|19299238
content_hash_verification,main_043,9278754,1,poison_main_043_01,,False,False,True,True,9278754|25499207|19027440|21618245|19694846
content_hash_verification,main_044,16195477,1,poison_main_044_01,,False,False,True,True,16195477|28707539|12630042|15939071|8165771
content_hash_verification,main_045,23677366,1,poison_main_045_01,,False,False,True,True,23677366|18784527|26518378|24783217|22188074
content_hash_verification,main_046,25725704,1,poison_main_046_01,,False,False,True,True,25725704|26485091|9142039|23356465|17032327
content_hash_verification,main_047,19913785,1,poison_main_047_01,,False,False,True,True,19913785|17342562|9044116|23002947|20497880
content_hash_verification,main_048,25592625,1,poison_main_048_01,,False,False,True,True,25592625|12172698|9920954|23831910|18375490
content_hash_verification,main_049,19643525,1,poison_main_049_01,,False,False,True,True,19643525|17559449|18714572|26561905|11776681
content_hash_verification,main_050,24507422,1,poison_main_050_01,,False,False,True,True,24507422|18926458|21402341|19351635|25891436
content_hash_verification,main_051,21084567,1,poison_main_051_01,,False,False,True,True,21084567|26163474|11340218|21823940|10456814
content_hash_verification,main_052,25336163,1,poison_main_052_01,,False,False,True,True,25336163|19546588|20338971|25406780|23228527
content_hash_verification,main_053,18319270,1,poison_main_053_01,,False,False,True,True,18319270|28247485|22521460|27928673|24446763
content_hash_verification,main_054,11481599,1,poison_main_054_01,,False,False,True,True,11481599|27096199|19822586|25394614|12163782
content_hash_verification,main_055,24809662,1,poison_main_055_01,,False,False,True,True,24809662|26419377|20850631|24061619|25735444
content_hash_verification,main_056,22813804,1,poison_main_056_01,,False,False,True,True,22813804|21845457|17208539|25501465|17595200
content_hash_verification,main_057,23422012,1,poison_main_057_01,,False,False,True,True,23422012|23147106|20130378|24748473|24666444
content_hash_verification,main_058,11888773,1,poison_main_058_01,,False,False,True,True,11888773|19327500|21618245|16827975|8847047
content_hash_verification,main_059,26304701,1,poison_main_059_01,,False,False,True,True,26304701|25156467|18065862|24666444|26222664
content_hash_verification,main_060,16100194,1,poison_main_060_01,,False,False,True,True,16100194|17894828|8521557|25592625|21889895
content_hash_verification,main_061,17403428,1,poison_main_061_01,,False,False,True,True,17403428|9483814|20401819|26215326|24374414
content_hash_verification,main_062,8985020,1,poison_main_062_01,,False,False,True,True,8985020|21864397|17940352|12419743|22154448
content_hash_verification,main_063,23899611,1,poison_main_063_01,,False,False,True,True,23899611|10757151|21900017|24191126|19406119
content_hash_verification,main_064,24074624,1,poison_main_064_01,,False,False,True,True,24074624|24684514|20871246|17062225|25592625
content_hash_verification,main_065,15708048,1,poison_main_065_01,,False,False,True,True,15708048|23806388|14713788|20608141|12947068
content_hash_verification,main_066,26556589,1,poison_main_066_01,,False,False,True,True,26556589|8738894|15787677|20011163|23224030
content_hash_verification,main_067,10577397,1,poison_main_067_01,,False,False,True,True,10577397|17462393|27491658|12607666|12963175
content_hash_verification,main_068,9044116,1,poison_main_068_01,,False,False,True,True,9044116|17502203|28027677|16361634|19145527
content_hash_verification,main_069,22617083,1,poison_main_069_01,,False,False,True,True,22617083|25417760|24739448|8262881|18086459
content_hash_verification,main_070,28196511,1,poison_main_070_01,,False,False,True,True,28196511|22825590|21256734|8111516|21712147
content_hash_verification,main_071,23337545,1,poison_main_071_01,,False,False,True,True,23337545|18799291|9381529|27288618|21459725
content_hash_verification,main_072,26126304,1,poison_main_072_01,,False,False,True,True,26126304|11411430|15597845|26516021|18319270
content_hash_verification,main_073,17062225,1,poison_main_073_01,,False,False,True,True,17062225|14652839|20736887|24153338|27908583
content_hash_verification,main_074,26536001,1,poison_main_074_01,,False,False,True,True,26536001|18948835|25604390|15787677|22382608
content_hash_verification,main_075,25186850,1,poison_main_075_01,,False,False,True,True,25186850|24606627|10354335|21228436|22251324
content_hash_verification,main_076,21726930,1,poison_main_076_01,,False,False,True,True,21726930|16414216|9427037|16046584|19398929
content_hash_verification,main_077,23234860,1,poison_main_077_01,,False,False,True,True,23234860|22236315|12419743|25489696|14692023
content_hash_verification,main_078,25070942,1,poison_main_078_01,,False,False,True,True,25070942|22658587|26578404|25406780|26999038
content_hash_verification,main_079,20306735,1,poison_main_079_01,,False,False,True,True,20306735|22658587|22825590|27549226|19419587
content_hash_verification,main_080,24669960,1,poison_main_080_01,,False,False,True,True,24669960|24172579|10548670|22349635|19351635
content_hash_verification,main_081,26449554,1,poison_main_081_01,,False,False,True,True,26449554|16735905|23386371|22813804|22532370
content_hash_verification,main_082,23222920,1,poison_main_082_01,,False,False,True,True,23222920|19406119|18948835|16971978|9767546
content_hash_verification,main_083,15222284,1,poison_main_083_01,,False,False,True,True,15222284|26237424|27928673|12963175|26452334
content_hash_verification,main_084,23774337,1,poison_main_084_01,,False,False,True,True,23774337|11438275|15962678|26063028|10877371
content_hash_verification,main_085,10173769,1,poison_main_085_01,,False,False,True,True,10173769|26460153|15489384|12630042|24098953
content_hash_verification,main_086,24577079,1,poison_main_086_01,,False,False,True,True,24577079|24747511|9582182|19653482|23088164
content_hash_verification,main_087,10575390,1,poison_main_087_01,,False,False,True,True,10575390|26348845|23224030|27146470|16414216
content_hash_verification,main_088,21256734,1,poison_main_088_01,,False,False,True,True,21256734|18065862|21194998|19430778|23495128
content_hash_verification,main_089,17096624,1,poison_main_089_01,,False,False,True,True,17096624|24964725|16956164|18359123|21228436
content_hash_verification,main_090,15466981,1,poison_main_090_01,,False,False,True,True,15466981|23792130|19836806|20608141|15708048
content_hash_verification,main_091,23375036,1,poison_main_091_01,,False,False,True,True,23375036|21756515|23149821|28196511|9603166
content_hash_verification,main_092,24625433,1,poison_main_092_01,,False,False,True,True,24625433|25394614|16735905|19198736|23386371
content_hash_verification,main_093,19653482,1,poison_main_093_01,,False,False,True,True,19653482|19854401|22656647|17244100|19664156
content_hash_verification,main_094,15141797,1,poison_main_094_01,,False,False,True,True,15141797|19643525|10411439|10456814|20297950
content_hash_verification,main_095,9363244,1,poison_main_095_01,,False,False,True,True,9363244|16253970|18222909|22519710|16647887
content_hash_verification,main_096,16776337,1,poison_main_096_01,,False,False,True,True,16776337|11380492|14655021|23455575|24783217
content_hash_verification,main_097,9483814,1,poison_main_097_01,,False,False,True,True,9483814|16249670|17403428|23228527|17578985
content_hash_verification,main_098,19546588,1,poison_main_098_01,,False,False,True,True,19546588|22108230|11776681|18568290|17559449
content_hash_verification,main_099,24374414,1,poison_main_099_01,,False,False,True,True,24374414|21889895|9602458|26209118|27448572
content_hash_verification,main_100,24652474,1,poison_main_100_01,,False,False,True,True,24652474|23359100|11340218|14978612|27050489
